{
  "images" : [
    {
      "idiom" : "iphone",
      "scale" : "2x",
      "size" : "20x20"
    },
    {
      "idiom" : "iphone",
      "scale" : "3x",
      "size" : "20x20"
    },
    {
      "idiom" : "iphone",
      "scale" : "2x",
      "size" : "29x29"
    },
    {
      "idiom" : "iphone",
      "scale" : "3x",
      "size" : "29x29"
    },
    {
      "idiom" : "iphone",
      "scale" : "2x",
      "size" : "40x40"
    },
    {
      "idiom" : "iphone",
      "scale" : "3x",
      "size" : "40x40"
    },
    {
      "filename" : "Icon-60@2x.png",
      "idiom" : "iphone",
      "scale" : "2x",
      "size" : "60x60"
    },
    {
      "filename" : "Icon-60@3x.png",
      "idiom" : "iphone",
      "scale" : "3x",
      "size" : "60x60"
    },
    {
      "idiom" : "ipad",
      "scale" : "1x",
      "size" : "20x20"
    },
    {
      "idiom" : "ipad",
      "scale" : "2x",
      "size" : "20x20"
    },
    {
      "idiom" : "ipad",
      "scale" : "1x",
      "size" : "29x29"
    },
    {
      "idiom" : "ipad",
      "scale" : "2x",
      "size" : "29x29"
    },
    {
      "idiom" : "ipad",
      "scale" : "1x",
      "size" : "40x40"
    },
    {
      "idiom" : "ipad",
      "scale" : "2x",
      "size" : "40x40"
    },
    {
      "idiom" : "ipad",
      "scale" : "1x",
      "size" : "76x76"
    },
    {
      "idiom" : "ipad",
      "scale" : "2x",
      "size" : "76x76"
    },
    {
      "idiom" : "ipad",
      "scale" : "2x",
      "size" : "83.5x83.5"
    },
    {
      "idiom" : "ios-marketing",
      "scale" : "1x",
      "size" : "1024x1024"
    },
    {
      "filename" : "feed_tab.png",
      "idiom" : "universal",
      "scale" : "1x"
    },
    {
      "filename" : "feed_tab@2x.png",
      "idiom" : "universal",
      "scale" : "2x"
    },
    {
      "filename" : "feed_tab@3x.png",
      "idiom" : "universal",
      "scale" : "3x"
    },
    {
      "filename" : "image_placeholder.png",
      "idiom" : "universal",
      "scale" : "1x",
      "unassigned" : true
    },
    {
      "filename" : "insta_camera_btn.png",
      "idiom" : "universal",
      "scale" : "1x",
      "unassigned" : true
    },
    {
      "filename" : "instagram_logo.png",
      "idiom" : "universal",
      "scale" : "1x",
      "unassigned" : true
    },
    {
      "filename" : "profile_tab.png",
      "idiom" : "universal",
      "scale" : "1x",
      "unassigned" : true
    },
    {
      "filename" : "image_placeholder@2x.png",
      "idiom" : "universal",
      "scale" : "2x",
      "unassigned" : true
    },
    {
      "filename" : "insta_camera_btn@2x.png",
      "idiom" : "universal",
      "scale" : "2x",
      "unassigned" : true
    },
    {
      "filename" : "profile_tab@2x.png",
      "idiom" : "universal",
      "scale" : "2x",
      "unassigned" : true
    },
    {
      "filename" : "image_placeholder@3x.png",
      "idiom" : "universal",
      "scale" : "3x",
      "unassigned" : true
    },
    {
      "filename" : "insta_camera_btn@3x.png",
      "idiom" : "universal",
      "scale" : "3x",
      "unassigned" : true
    },
    {
      "filename" : "profile_tab@3x.png",
      "idiom" : "universal",
      "scale" : "3x",
      "unassigned" : true
    }
  ],
  "info" : {
    "author" : "xcode",
    "version" : 1
  }
}
